{
    "loss": 24.84177589416504,
    "accuracy": 0.4313725531101227
}