{
    "loss": 16.893390655517578,
    "accuracy": 0.5686274766921997
}